49ccd3f1911dca4f574f7a7e37f7dd2d,Makefile.in
0f7b9109650c81a84184bd45e159eaa8,README
cacfbed3221de5c4b339f6d8600767eb,app.mozbuild
3169b714e1e586265ae47abcb73e5c04,common.sh
90a3605fd75e2820ffbb8a6c0c8aa078,confvars.sh
2d7379a259b9cace8789fe029068a268,generatesnippet.py
736b26c9f98f2617f517a91e1361e522,make_full_update.sh
10a412bbddc9c6ae3798fb5d8d26f281,make_incremental_update.sh
d791552cbba16559e28911d855adda91,make_incremental_updates.py
7745206d5f7b600c53a1f88de3ec4237,moz.build
5aa1a80dcde4cfd1ea7296bc2e1906a0,test_make_incremental_updates.py
43ae18111b09a0bcbbd365688e288fe3,unwrap_full_update.pl
55147df10560a90dd1f701ca752bcb82,verification_file
