49ccd3f1911dca4f574f7a7e37f7dd2d,/perma/tooltest/Makefile.in
0f7b9109650c81a84184bd45e159eaa8,/perma/tooltest/README
cacfbed3221de5c4b339f6d8600767eb,/perma/tooltest/app.mozbuild
3169b714e1e586265ae47abcb73e5c04,/perma/tooltest/common.sh
90a3605fd75e2820ffbb8a6c0c8aa078,/perma/tooltest/confvars.sh
2d7379a259b9cace8789fe029068a268,/perma/tooltest/generatesnippet.py
736b26c9f98f2617f517a91e1361e522,/perma/tooltest/make_full_update.sh
4551adbd401c93a10451a29cff64b279,/perma/tooltest/make_incremental_update.sh
d791552cbba16559e28911d855adda91,/perma/tooltest/make_incremental_updates.py
7745206d5f7b600c53a1f88de3ec4237,/perma/tooltest/moz.build
5aa1a80dcde4cfd1ea7296bc2e1906a0,/perma/tooltest/test_make_incremental_updates.py
43ae18111b09a0bcbbd365688e288fe3,/perma/tooltest/unwrap_full_update.pl
